date,amount,description,transaction_type,source,category
2024-11-01,-6.3,SQ *GIANT COFFEE          NORTHBRIDGE,expense,ANZ,Dining Out
2024-11-01,-99.99,GOOGLE STRAVA RUN BIK     PYRMONT,expense,ANZ,Uncategorized
2024-11-01,-14.8,GUZMAN Y GOMEZ            SURRY HILLS,expense,ANZ,Dining Out
2024-11-04,-300.0,RENT,expense,Bankwest,Housing
2024-11-04,-74.99,IINET LTD N               SYDNEY,expense,ANZ,Utilities
2024-11-04,-252.0,ADIDAS AU PTY LTD         MULGRAVE,expense,ANZ,Uncategorized
2024-11-04,-35.7,MCDONALDS ASCOT WATER     BELMONT,expense,ANZ,Dining Out
2024-11-04,-39.02,UNITED PERTH AIRPORT      PERTH AIRPORT,expense,ANZ,Uncategorized
2024-11-06,-12.18,SQ *ULTIMATE FRIED CHICKE PERTH,expense,ANZ,Uncategorized
2024-11-06,-44.4,WEI'S DUMPLING HUT        SUBIACO,expense,ANZ,Dining Out
2024-11-07,-16.5,SQ *SIPRA KEBAB AND GRILL 1800595310,expense,ANZ,Dining Out
2024-11-07,2396.83,SALARY ATO PAYROLL,income,Bankwest,Income
2024-11-08,-12.2,SQ *GIANT COFFEE          NORTHBRIDGE,expense,ANZ,Dining Out
2024-11-11,-53.29,HBF HEALTH LIMITED        PERTH,expense,ANZ,Insurance
2024-11-11,2250.0,PAYMENT - THANKYOU,income,ANZ,Income
2024-11-11,-35.54,DD *DOORDASH CHICKENRI    MELBOURNE,expense,ANZ,Uncategorized
2024-11-11,-300.0,RENT,expense,Bankwest,Housing
2024-11-11,-2250.0,IB BPAY 888229212 TO ANZ CARDS 4564680414360148 AT 11:16AM 9NOV,expense,Bankwest,Transfer
2024-11-11,-48.31,FARMER JACKS SUBIACO      SUBIACO,expense,ANZ,Groceries
2024-11-11,-160.35,ADIDAS AUSTRALIA          MULGRAVE,expense,ANZ,Uncategorized
2024-11-12,-40.25,FARMER JACKS SUBIACO      SUBIACO,expense,ANZ,Groceries
2024-11-12,-20.5,SUBI FISH N CHIPS         SUBIACO,expense,ANZ,Dining Out
2024-11-13,-31.75,MCDONALDS JOLIMONT        JOLIMONT,expense,ANZ,Dining Out
2024-11-14,-6.3,SQ *GIANT COFFEE          NORTHBRIDGE,expense,ANZ,Dining Out
2024-11-15,-32.31,WEI'S DUMPLING HUT        SUBIACO,expense,ANZ,Dining Out
2024-11-15,-6.6,SQ *GIANT COFFEE          NORTHBRIDGE,expense,ANZ,Dining Out
2024-11-18,-300.0,RENT,expense,Bankwest,Housing
2024-11-18,-14.8,GUZMAN Y GOMEZ            SURRY HILLS,expense,ANZ,Dining Out
2024-11-18,-6.6,SQ *GIANT COFFEE          NORTHBRIDGE,expense,ANZ,Dining Out
2024-11-18,-74.67,FARMER JACKS SUBIACO      SUBIACO,expense,ANZ,Groceries
2024-11-18,-28.72,THE SUNMOS TRUST          NORTHBRIDGE,expense,ANZ,Uncategorized
2024-11-19,-16.5,SQ *SIPRA KEBAB AND GRILL 1800595310,expense,ANZ,Dining Out
2024-11-19,15.0,C M ERNEST 12:28PM 19NOV JUICY BAOBAO,income,Bankwest,Income
2024-11-19,-19.08,FARMER JACKS SUBIACO      SUBIACO,expense,ANZ,Groceries
2024-11-20,-71.53,COLES EXPRESS 6913        WEST PERTH,expense,ANZ,Groceries
2024-11-20,-15.9,GUZMAN Y GOMEZ            SURRY HILLS,expense,ANZ,Dining Out
2024-11-21,2396.83,SALARY ATO PAYROLL,income,Bankwest,Income
2024-11-21,-10.8,SQ *GIANT COFFEE          NORTHBRIDGE,expense,ANZ,Dining Out
2024-11-21,-35.94,JUICY BAOBAO              PERTH,expense,ANZ,Uncategorized
2024-11-21,-16.25,MCDONALDS JOLIMONT        JOLIMONT,expense,ANZ,Dining Out
2024-11-25,-300.0,RENT,expense,Bankwest,Housing
2024-11-25,-6.55,T4 NORTHBRIDGE            PERTH,expense,ANZ,Uncategorized
2024-11-25,-5.1,COCACOLAEPP               SOUTH PERTH,expense,ANZ,Uncategorized
2024-11-25,-81.77,FARMER JACKS SUBIACO      SUBIACO,expense,ANZ,Groceries
2024-11-25,-69.93,UME GLOBAL PTY LTD        WEST PERTH,expense,ANZ,Uncategorized
2024-11-25,-7.98,PRESOTEA NORTH BRIDGE     PERTH,expense,ANZ,Dining Out
2024-11-25,-16.5,SQ *SIPRA KEBAB AND GRILL 1800595310,expense,ANZ,Dining Out
2024-11-25,-18.1,WWW.SHANGH* SHANGHAI S    NORTHBRIDGE,expense,ANZ,Uncategorized
2024-11-25,-53.29,HBF HEALTH LIMITED        PERTH,expense,ANZ,Insurance
2024-11-25,-252.0,ADIDAS AUSTRALIA          MULGRAVE,expense,ANZ,Uncategorized
2024-11-27,-61.41,MONSTERA THAI KITCHE      CLOVERDALE,expense,ANZ,Dining Out
2024-11-27,-76.7,FARMER JACKS SUBIACO      SUBIACO,expense,ANZ,Groceries
2024-11-27,-42.4,READING CINEMAS           SOUTH MELBOUR,expense,ANZ,Entertainment
2024-11-29,-6.6,SQ *GIANT COFFEE          NORTHBRIDGE,expense,ANZ,Dining Out
2024-11-29,-16.5,SQ *SIPRA KEBAB AND GRILL 1800595310,expense,ANZ,Dining Out
2024-12-02,-13.99,SPOTIFY                   SYDNEY,expense,ANZ,Entertainment
2024-12-02,-45.0,THE EXECUTIVES            WEST PERTH,expense,ANZ,Uncategorized
2024-12-02,-43.4,WOOLWORTHS/CAROUSEL S/C 1 CANNINGTON,expense,ANZ,Groceries
2024-12-02,-300.0,RENT,expense,Bankwest,Housing
2024-12-03,13.89,ATO ATO007000020505413,income,Bankwest,Income
2024-12-04,-44.88,FARMER JACKS SUBIACO      SUBIACO,expense,ANZ,Groceries
2024-12-04,-74.99,IINET LTD N               SYDNEY,expense,ANZ,Utilities
2024-12-05,-6.6,SQ *GIANT COFFEE          NORTHBRIDGE,expense,ANZ,Dining Out
2024-12-05,-24.26,NORTH BIRD WINE           NORTHBRIDGE,expense,ANZ,Uncategorized
2024-12-05,2396.83,SALARY ATO PAYROLL,income,Bankwest,Income
2024-12-06,-50.55,COLES EXPRESS 6913        WEST PERTH,expense,ANZ,Groceries
2024-12-09,-12.33,FARMER JACKS SUBIACO      SUBIACO,expense,ANZ,Groceries
2024-12-09,-59.54,WEI'S DUMPLING HUT        SUBIACO,expense,ANZ,Dining Out
2024-12-09,-17.85,MCDONALDS DT 0442         SOUTH PERTH,expense,ANZ,Dining Out
2024-12-09,-16.5,SQ *SIPRA KEBAB AND GRILL 1800595310,expense,ANZ,Dining Out
2024-12-09,-53.29,HBF HEALTH LIMITED        PERTH,expense,ANZ,Insurance
2024-12-09,-57.13,COLES 0297                DUNSBOROUGH,expense,ANZ,Groceries
2024-12-09,-300.0,RENT,expense,Bankwest,Housing
2024-12-10,-58.27,COLES EXPRESS 2724        BUNBURY,expense,ANZ,Groceries
2024-12-11,-50.01,BP BALDIVIS SB 7374       BALDIVIS,expense,ANZ,Groceries
2024-12-11,-19.5,MCDONALDS VASSE           VASSE,expense,ANZ,Dining Out
2024-12-11,-15.9,GUZMAN Y GOMEZ            SURRY HILLS,expense,ANZ,Dining Out
2024-12-12,-27.32,VARSITY NORTHBRIDGE       NORTHBRIDGE,expense,ANZ,Dining Out
2024-12-12,-47.5,STEAMGAMES.COM 4259522985 912-1844160,expense,ANZ,Uncategorized
2024-12-13,-47.0,HANOZE PARK PTY LTD       PERTH,expense,ANZ,Dining Out
2024-12-13,-10.4,EASYPARK                  PRAHRAN,expense,ANZ,Transport
2024-12-13,-43.24,THE TRUSTEE FOR QINWE     EAST VICTORIA,expense,ANZ,Uncategorized
2024-12-13,2030.0,PAYMENT - THANKYOU,income,ANZ,Income
2024-12-13,-2030.0,IB BPAY 896620912 TO ANZ CARDS 4564680414360148 AT 6:14PM 12DEC,expense,Bankwest,Transfer
2024-12-16,-74.94,DELISIO                   SUBIACO,expense,ANZ,Uncategorized
2024-12-16,-18.1,WWW.SHANGH* SHANGHAI S    NORTHBRIDGE,expense,ANZ,Uncategorized
2024-12-16,-56.0,SQ *ALFRED'S PIZZERIA. SM PERTH,expense,ANZ,Uncategorized
2024-12-16,-16.81,SQ *SIPRA KEBAB AND GRILL WEST PERTH,expense,ANZ,Dining Out
2024-12-16,-12.0,MURRAY MEWS               PERTH,expense,ANZ,Uncategorized
2024-12-16,-21.39,YO CHI VIC PARK           VICTORIA PARK,expense,ANZ,Uncategorized
2024-12-16,-20.0,MURRAY MEWS               PERTH,expense,ANZ,Uncategorized
2024-12-16,-300.0,RENT,expense,Bankwest,Housing
2024-12-16,-10.0,MURRAY MEWS               PERTH,expense,ANZ,Uncategorized
2024-12-16,-2.6,EASYPARK                  PRAHRAN,expense,ANZ,Transport
2024-12-16,-36.4,FARMER JACKS SUBIACO      SUBIACO,expense,ANZ,Groceries
2024-12-17,-60.61,UNITED PERTH AIRPORT      PERTH AIRPORT,expense,ANZ,Uncategorized
2024-12-17,-14.87,FARMER JACKS SUBIACO      SUBIACO,expense,ANZ,Groceries
2024-12-18,-10.2,PERTH AIRPORT PTY LTD     PERTH AIRPORT,expense,ANZ,Uncategorized
2024-12-19,-235.89,KANPAI (AUS) P/L          VICTORIA PARK,expense,ANZ,Uncategorized
2024-12-19,-22.0,TO PHONE D THAUNG 05:39PM 19DEC,expense,Bankwest,Dining Out
2024-12-19,2396.83,SALARY ATO PAYROLL,income,Bankwest,Income
2024-12-20,-9.46,EASYPARK                  PRAHRAN,expense,ANZ,Transport
2024-12-23,-300.0,RENT,expense,Bankwest,Housing
2024-12-23,-53.29,HBF HEALTH LIMITED        PERTH,expense,ANZ,Insurance
2024-12-23,-13.22,MCD FWY SOUTH             BALDIVIS,expense,ANZ,Groceries
2024-12-23,-45.14,BP BALDIVIS SB 7374       BALDIVIS,expense,ANZ,Groceries
2024-12-23,-7.36,T4 NORTHBRIDGE            PERTH,expense,ANZ,Uncategorized
2024-12-23,-19.28,LOUDER LOUDER             NORTHBRIDGE,expense,ANZ,Uncategorized
2024-12-24,-22.29,BAILEY BREWING CO. DU     DUNSBOROUGH,expense,ANZ,Uncategorized
2024-12-27,-18.45,KFC AU PINJARRA NORTH     PINJARRA NORT,expense,ANZ,Dining Out
2024-12-27,-19.9,UNIQLO PERTH              PERTH,expense,ANZ,Uncategorized
2024-12-27,-13.16,T4 MYAREE                 MYAREE,expense,ANZ,Uncategorized
2024-12-27,-104.4,KMART 1386                PERTH,expense,ANZ,Retail
2024-12-27,3000.0,PAYMENT - THANKYOU,income,ANZ,Income
2024-12-27,-60.68,COLES EXPRESS 2012        DUNSBOROUGH,expense,ANZ,Groceries
2024-12-27,-68.41,SQ *UNCLE BILLY'S CHINESE NORTHBRIDGE,expense,ANZ,Uncategorized
2024-12-27,-3000.0,IB BPAY 899940837 TO ANZ CARDS 4564680414360148 AT 11:30AM 26DEC,expense,Bankwest,Transfer
2024-12-30,-10.0,LS FOUND. SUBIACO         SUBIACO,expense,ANZ,Uncategorized
2024-12-30,-27.0,TO PHONE L TSHOMO 06:11AM 28DEC BB,expense,Bankwest,Dining Out
2024-12-30,-60.0,TO PHONE L TSHOMO 10:05PM 27DEC YOU MY BABE,expense,Bankwest,Dining Out
2024-12-30,-2228.0,APPLE.COM/AU              SYDNEY,expense,ANZ,Uncategorized
2024-12-30,-40.3,COLES 0270                SUBIACO,expense,ANZ,Groceries
2024-12-30,-60.54,COLES EXPRESS 6913        WEST PERTH,expense,ANZ,Groceries
2024-12-30,-12.0,BOSU SUSHII SUBIACO       SUBIACO,expense,ANZ,Uncategorized
2024-12-30,-31.85,POST WEST PERTH POST S    WEST PERTH,expense,ANZ,Uncategorized
2024-12-30,-13.99,SPOTIFY                   SYDNEY,expense,ANZ,Entertainment
2024-12-30,-28.0,LS FOUND. SUBIACO         SUBIACO,expense,ANZ,Uncategorized
2024-12-30,100.0,IB TRANSFER 900322494 FROM 306-084-0178033 7:11AM 28DEC,income,Bankwest,Income
2024-12-30,-100.0,IB TRANSFER 900322494 TO 306-084-0178025 7:11AM 28DEC,expense,Bankwest,Transfer
2024-12-30,-300.0,RENT,expense,Bankwest,Housing
2024-12-31,-214.26,STEAM PURCHASE            SEATTLE,expense,ANZ,Entertainment
2024-12-31,-12.0,AMPOL BENTLEY             BENTLEY,expense,ANZ,Transport
2025-01-02,-5.68,TEAMORROW                 EAST VICTORIA,expense,ANZ,Uncategorized
2025-01-02,-40.78,CHENLY PTY LTD            EAST VICTORIA,expense,ANZ,Uncategorized
2025-01-02,-27.48,FARMER JACKS SUBIACO      SUBIACO,expense,ANZ,Groceries
2025-01-02,-20.5,SUBI FISH N CHIPS         SUBIACO,expense,ANZ,Dining Out
2025-01-02,2396.83,SALARY ATO PAYROLL,income,Bankwest,Income
2025-01-03,-6.57,HYPERTEA PTY LTD          PERTH,expense,ANZ,Uncategorized
2025-01-03,-28.84,AIRALO                    SINGAPORE,expense,ANZ,Uncategorized
2025-01-03,-502.2,TO EMAIL WISE AUSTRALIA PT 01:41PM 03JAN,expense,Bankwest,Uncategorized
2025-01-03,-50.5,OTR COMO                  COMO,expense,ANZ,Transport
2025-01-06,-74.99,IINET LTD N               SYDNEY,expense,ANZ,Utilities
2025-01-06,-36.32,THE TRUSTEE FOR QINWE     EAST VICTORIA,expense,ANZ,Uncategorized
2025-01-06,-7.45,SOUTH PERTH 7 DAY CH      SOUTH PERTH,expense,ANZ,Uncategorized
2025-01-06,-1.04,EASYPARK                  PRAHRAN,expense,ANZ,Transport
2025-01-06,-60.08,WWW.CHERRY* CHERRY AND    WEST PERTH,expense,ANZ,Uncategorized
2025-01-06,-1770.45,JASMINE GRANDE RESIDENCE  BANGKOK  36228.17  THB 51.57 AUD,expense,ANZ,Uncategorized
2025-01-06,-4500.0,IB BPAY 901981368 TO ANZ CARDS 4564680414360148 AT 2:47PM 4JAN,expense,Bankwest,Transfer
2025-01-06,-300.0,RENT,expense,Bankwest,Housing
2025-01-06,-53.29,HBF HEALTH LIMITED        PERTH,expense,ANZ,Insurance
2025-01-06,-42.1,UBER *TRIP HELP.UBER.COM  SYDNEY,expense,ANZ,Transport
2025-01-06,-4613.45,HT CLINIC                 BANGKOK  95200.00  THB 134.37 AUD,expense,ANZ,Uncategorized
2025-01-06,4500.0,PAYMENT - THANKYOU,income,ANZ,Income
2025-01-07,-409.0,APPLE ONLINE AU           SYDNEY,expense,ANZ,Uncategorized
2025-01-13,-300.0,RENT,expense,Bankwest,Housing
2025-01-16,2396.83,SALARY ATO PAYROLL,income,Bankwest,Income
2025-01-20,-300.0,RENT,expense,Bankwest,Housing
2025-01-20,-53.29,HBF HEALTH LIMITED        PERTH,expense,ANZ,Insurance
2025-01-21,-5.08,WEI'S DUMPLING HUT        SUBIACO,expense,ANZ,Dining Out
2025-01-21,-45.42,WEI'S DUMPLING HUT        SUBIACO,expense,ANZ,Dining Out
2025-01-22,-2500.0,IB BPAY 906059164 TO ANZ CARDS 4564680414360148 AT 10:50AM,expense,Bankwest,Transfer
2025-01-22,-16.8,BENTLEY                   BENTLEY,expense,ANZ,Uncategorized
2025-01-22,2500.0,PAYMENT - THANKYOU,income,ANZ,Income
2025-01-22,-1.49,APPLE.COM/BILL            SYDNEY,expense,ANZ,Utilities
2025-01-23,-27.71,SPUD SHED                 BENTLEY,expense,ANZ,Uncategorized
2025-01-23,-6.71,SMP*PRESOTEA JAMES ST6B   NORTHBRIDGE,expense,ANZ,Dining Out
2025-01-24,-1250.0,IB BPAY 906634036 TO ANZ CARDS 4564680414360148 AT 9:54AM,expense,Bankwest,Transfer
2025-01-24,1200.0,MR KOK ENG TAN 09:38AM 24JAN LEWIS,income,Bankwest,Income
2025-01-24,-47.09,COLES EXPRESS 6909        E VICTORIA PK,expense,ANZ,Groceries
2025-01-24,1250.0,PAYMENT - THANKYOU,income,ANZ,Income
2025-01-24,-12.18,HISS & SMOKE              PERTH,expense,ANZ,Uncategorized
2025-01-28,-13.42,SMP*PRESOTEA JAMES ST6B   NORTHBRIDGE,expense,ANZ,Dining Out
2025-01-28,2200.0,SELFWEALTH LTD OVW MONEY,income,Bankwest,Income
2025-01-28,170.0,SHOPBACK AUSTRAL AU100016539874,income,Bankwest,Income
2025-01-28,-1250.0,TO PHONE KOK ENG TAN 05:21PM 28JAN,expense,Bankwest,Dining Out
2025-01-28,-300.0,RENT,expense,Bankwest,Housing
2025-01-28,-65.66,FARMER JACKS SUBIACO      SUBIACO,expense,ANZ,Groceries
2025-01-28,-250.45,DEPARTMENT OF TRANSPOR    PERTH,expense,ANZ,Uncategorized
2025-01-28,-34.2,OKAY VIETNAMESE REST      NORTHBRIDGE,expense,ANZ,Uncategorized
2025-01-30,2396.82,SALARY ATO PAYROLL,income,Bankwest,Income
2025-01-30,-13.99,SPOTIFY                   SYDNEY,expense,ANZ,Entertainment
2025-01-31,-57.4,NENE CHICKEN NORTHBR      NORTHBRIDGE,expense,ANZ,Uncategorized
2025-01-31,-32.54,SPUD SHED                 BENTLEY,expense,ANZ,Uncategorized
2025-02-03,-53.29,HBF HEALTH LIMITED        PERTH,expense,ANZ,Insurance
2025-02-03,-74.99,IINET LTD N               SYDNEY,expense,ANZ,Utilities
2025-02-03,-17.78,FARMER JACKS SUBIACO      SUBIACO,expense,ANZ,Groceries
2025-02-03,-59.0,AMPOL SUBIACO             SUBIACO,expense,ANZ,Transport
2025-02-03,-60.57,DELISIO                   SUBIACO,expense,ANZ,Uncategorized
2025-02-03,-300.0,RENT,expense,Bankwest,Housing
2025-02-03,-47.47,FARMER JACKS SUBIACO      SUBIACO,expense,ANZ,Groceries
2025-02-04,-16.5,SQ *SIPRA KEBAB AND GRILL 1800595310,expense,ANZ,Dining Out
2025-02-04,-12.6,SMP*PRESOTEA JAMES ST6B   NORTHBRIDGE,expense,ANZ,Dining Out
2025-02-04,-7.34,EASYPARK                  PRAHRAN,expense,ANZ,Transport
2025-02-05,-39.86,AIRALO                    SINGAPORE,expense,ANZ,Uncategorized
2025-02-05,-45.0,EDWARDOROKEBYFLORIST      SUBIACO,expense,ANZ,Uncategorized
2025-02-05,-84.24,LOUDER LOUDER             NORTHBRIDGE,expense,ANZ,Uncategorized
2025-02-06,-200.0,TO PHONE KOK ENG TAN 06:52PM 06FEB,expense,Bankwest,Dining Out
2025-02-06,-45.25,BLUE SHARK                SUBIACO,expense,ANZ,Uncategorized
2025-02-07,-34.2,OKAY VIETNAMESE REST      NORTHBRIDGE,expense,ANZ,Uncategorized
2025-02-07,-15.5,HUNGRY JACKS              PERTH,expense,ANZ,Dining Out
2025-02-10,-300.0,RENT,expense,Bankwest,Housing
2025-02-11,1250.0,PAYMENT - THANKYOU,income,ANZ,Income
2025-02-11,-26.03,SQ*NAGANODONABERAMENTAKES TOKYO  2 400  JPY 0.76 AUD,expense,ANZ,Uncategorized
2025-02-11,-1250.0,IB BPAY 910847709 TO ANZ CARDS 4564680414360148 AT 3:09PM,expense,Bankwest,Transfer
2025-02-13,2383.47,SALARY ATO PAYROLL,income,Bankwest,Income
2025-02-17,-53.29,HBF HEALTH LIMITED        PERTH,expense,ANZ,Insurance
2025-02-17,-2906.87,TO EMAIL WISE AUSTRALIA PT 09:02PM 14FEB,expense,Bankwest,Uncategorized
2025-02-17,-300.0,RENT,expense,Bankwest,Housing
2025-02-24,-1.49,APPLE.COM/BILL            SYDNEY,expense,ANZ,Utilities
2025-02-24,-300.0,RENT,expense,Bankwest,Housing
2025-02-27,-17.6,SINGAPORE FOOD STREET     SINGAPORE  14.50  SGD 0.51 AUD,expense,ANZ,Uncategorized
2025-02-27,2376.32,SALARY ATO PAYROLL,income,Bankwest,Income
2025-02-28,-43.17,DIDIMOBILITY              SYDNEY,expense,ANZ,Uncategorized
2025-03-03,-40.0,MARCOS PIZZA              JOONDANNA,expense,ANZ,Dining Out
2025-03-03,-53.29,HBF HEALTH LIMITED        PERTH,expense,ANZ,Insurance
2025-03-03,-7.22,SMP*PRESOTEA JAMES ST6B   NORTHBRIDGE,expense,ANZ,Dining Out
2025-03-03,-13.99,SPOTIFY                   SYDNEY,expense,ANZ,Entertainment
2025-03-03,-15.37,LOCAL FRESH GOURMET       CANNINGTON,expense,ANZ,Uncategorized
2025-03-03,-25.57,FARMER JACKS SUBIACO      SUBIACO,expense,ANZ,Groceries
2025-03-03,-300.0,RENT,expense,Bankwest,Housing
2025-03-03,30.0,ALEXANDER SLAIDI LUNCH,income,Bankwest,Income
2025-03-03,-60.44,FARMER JACKS SUBIACO      SUBIACO,expense,ANZ,Groceries
2025-03-03,-60.7,UME GLOBAL PTY LTD        WEST PERTH,expense,ANZ,Uncategorized
2025-03-05,-74.7,FARMER JACKS SUBIACO      SUBIACO,expense,ANZ,Groceries
2025-03-06,-74.99,IINET LTD N               SYDNEY,expense,ANZ,Utilities
2025-03-06,-36.43,THE TRUSTEE FOR QINWE     EAST VICTORIA,expense,ANZ,Uncategorized
2025-03-06,-71.04,AMPOL SUBIACO             SUBIACO,expense,ANZ,Transport
2025-03-10,-27.32,VARSITY NORTHBRIDGE       NORTHBRIDGE,expense,ANZ,Dining Out
2025-03-10,-54.06,RIOT*                     DUBLIN,expense,ANZ,Uncategorized
2025-03-10,-14.7,SHARETEA PERTH CBD        PERTH,expense,ANZ,Uncategorized
2025-03-10,-300.0,RENT,expense,Bankwest,Housing
2025-03-11,-7.22,SMP*PRESOTEA JAMES ST6B   NORTHBRIDGE,expense,ANZ,Dining Out
2025-03-12,-18.27,LOUDER LOUDER             NORTHBRIDGE,expense,ANZ,Uncategorized
2025-03-12,-38.4,READING CINEMAS           SOUTH MELBOUR,expense,ANZ,Entertainment
2025-03-12,-16.3,MCDONALDS ASCOT WATER     BELMONT,expense,ANZ,Dining Out
2025-03-12,-61.41,MONSTERA THAI KITCHE      CLOVERDALE,expense,ANZ,Dining Out
2025-03-13,-780.0,IB BPAY 918220165 TO ANZ CARDS 4564680414360148 AT 11:44AM,expense,Bankwest,Transfer
2025-03-13,2376.32,SALARY ATO PAYROLL,income,Bankwest,Income
2025-03-13,780.0,PAYMENT - THANKYOU,income,ANZ,Income
2025-03-13,-38.93,UNITED PERTH AIRPORT      PERTH AIRPORT,expense,ANZ,Uncategorized
2025-03-13,-16.5,SQ *SIPRA KEBAB AND GRILL WEST PERTH,expense,ANZ,Dining Out
2025-03-13,-6.3,SQ *GIANT COFFEE          NORTHBRIDGE,expense,ANZ,Dining Out
2025-03-17,-39.62,FARMER JACKS SUBIACO      SUBIACO,expense,ANZ,Groceries
2025-03-17,-53.29,HBF HEALTH LIMITED        PERTH,expense,ANZ,Insurance
2025-03-17,-46.43,WEI'S DUMPLING HUT        SUBIACO,expense,ANZ,Dining Out
2025-03-17,-19.23,CHENLY PTY LTD            EAST VICTORIA,expense,ANZ,Uncategorized
2025-03-17,-6.3,SQ *GIANT COFFEE          NORTHBRIDGE,expense,ANZ,Dining Out
2025-03-17,-300.0,RENT,expense,Bankwest,Housing
2025-03-21,-31.88,FARMER JACKS SUBIACO      SUBIACO,expense,ANZ,Groceries
2025-03-21,-2.55,TOYBOX INTERNATIONAL      OSBORNE PARK,expense,ANZ,Uncategorized
2025-03-21,-6.3,SQ *GIANT COFFEE          NORTHBRIDGE,expense,ANZ,Dining Out
2025-03-21,-2.0,GUILD OF UNDERGRADUATE    CRAWLEY,expense,ANZ,Uncategorized
2025-03-24,-1.49,APPLE.COM/BILL            SYDNEY,expense,ANZ,Utilities
2025-03-24,-8.23,SMP*PRESOTEA JAMES ST6B   NORTHBRIDGE,expense,ANZ,Dining Out
2025-03-24,-123.55,BLIZZARD ENTERTAINMENT    949-9551380,expense,ANZ,Entertainment
2025-03-24,-18.0,SQ *MIMOCHI VICTORIA PARK VICTORIA PARK,expense,ANZ,Uncategorized
2025-03-24,-300.0,RENT,expense,Bankwest,Housing
2025-03-24,-77.2,BLIZZARD ENTERTAINMENT    949-9551380,expense,ANZ,Entertainment
2025-03-25,-86.71,ZLR*AN COM                MT LAWLE,expense,ANZ,Uncategorized
2025-03-26,-64.77,OTR COMO                  COMO,expense,ANZ,Transport
2025-03-26,-16.5,MCDONALDS DT 1488         KARAWARA,expense,ANZ,Dining Out
2025-03-26,-27.81,FARMER JACKS SUBIACO      SUBIACO,expense,ANZ,Groceries
2025-03-27,2447.12,SALARY ATO PAYROLL,income,Bankwest,Income
2025-03-28,-8.23,SMP*PRESOTEA JAMES ST6B   NORTHBRIDGE,expense,ANZ,Dining Out
2025-03-28,-35.66,SPUD SHED                 BENTLEY,expense,ANZ,Uncategorized
2025-03-31,-300.0,RENT,expense,Bankwest,Housing
2025-03-31,-75.11,NXT*HIMALAYAN RESTAURAN   VICTORIA PARK,expense,ANZ,Uncategorized
2025-03-31,-53.29,HBF HEALTH LIMITED        PERTH,expense,ANZ,Insurance
2025-03-31,-2873.99,STAND UP SURF SHOP PTY    NORTH FREMANT,expense,ANZ,Entertainment
2025-03-31,-13.99,SPOTIFY                   SYDNEY,expense,ANZ,Entertainment
2025-03-31,-880.73,NRMA INSURANCE            NRMA.COM.AU,expense,ANZ,Insurance
2025-03-31,-30.85,BLIZZARD ENTERTAINMENT    949-9551380,expense,ANZ,Entertainment
2025-03-31,-23.13,BANGKOK BROTHERS          NORTHBRIDGE,expense,ANZ,Uncategorized
2025-04-01,-7.35,FARMER JACKS SUBIACO      SUBIACO,expense,ANZ,Groceries
2025-04-01,-16.5,SQ *SIPRA KEBAB AND GRILL 1800595310,expense,ANZ,Dining Out
2025-04-01,-7.73,SMP*PRESOTEA JAMES ST6B   NORTHBRIDGE,expense,ANZ,Dining Out
2025-04-02,-36.6,NOODLE INN                WEST PERTH,expense,ANZ,Uncategorized
2025-04-03,-74.99,IINET LTD N               SYDNEY,expense,ANZ,Utilities
2025-04-04,-6.1,SQ *GIANT COFFEE          NORTHBRIDGE,expense,ANZ,Dining Out
2025-04-07,-300.0,RENT,expense,Bankwest,Housing
2025-04-07,-65.42,ZLR*AN COM                MT LAWLE,expense,ANZ,Uncategorized
2025-04-07,-17.24,DUONG HOLDINGS PTY LTD    NORTHBRIDGE,expense,ANZ,Uncategorized
2025-04-07,-60.4,HOYTS                     SYDNEY,expense,ANZ,Uncategorized
2025-04-07,-62.59,WEI'S DUMPLING HUT        SUBIACO,expense,ANZ,Dining Out
2025-04-07,-4.83,EASYPARK                  PRAHRAN,expense,ANZ,Transport
2025-04-08,-47.0,HANOZE PARK PTY LTD       PERTH,expense,ANZ,Dining Out
2025-04-10,2447.12,SALARY ATO PAYROLL,income,Bankwest,Income
2025-04-10,-19.2,DOMINOS ESTORE WEST PERTH DOMINOS.COM.A,expense,ANZ,Uncategorized
2025-04-10,-320.0,ANNUAL FEE,expense,ANZ,Uncategorized
2025-04-10,-55.0,REWARD PROGRAM FEE,expense,ANZ,Uncategorized
2025-04-11,5620.0,PAYMENT - THANKYOU,income,ANZ,Income
2025-04-11,-38.59,FARMER JACKS SUBIACO      SUBIACO,expense,ANZ,Groceries
2025-04-11,-5620.0,IB BPAY 925209015 TO ANZ CARDS 4564680414360148 AT 2:37PM,expense,Bankwest,Transfer
2025-04-14,-41.1,THEMELBOURNEHOTEL-F&B     PERTH,expense,ANZ,Uncategorized
2025-04-14,-92.0,HBF RUN FOR A REASON      PERTH,expense,ANZ,Insurance
2025-04-14,-54.86,HBF HEALTH LIMITED        PERTH,expense,ANZ,Insurance
2025-04-14,-20.5,SQ *SIPRA KEBAB AND GRILL 1800595310,expense,ANZ,Dining Out
2025-04-14,-14.64,LS NORTH STREET STORE     COTTESLOE,expense,ANZ,Uncategorized
2025-04-14,-300.0,RENT,expense,Bankwest,Housing
2025-04-15,-35.64,FARMER JACKS SUBIACO      SUBIACO,expense,ANZ,Groceries
2025-04-15,-101.99,SP PRECISION FUEL HYDR    ARUNDEL,expense,ANZ,Transport
2025-04-16,-55.67,AMPOL SUBIACO             SUBIACO,expense,ANZ,Transport
2025-04-16,-2.0,WILSON PARKING AUSTRALIA  PERTH,expense,ANZ,Transport
2025-04-16,-44.64,GOLDEN CHOICE SUBIAC      SUBIACO,expense,ANZ,Uncategorized
2025-04-17,-21.72,FARMER JACKS SUBIACO      SUBIACO,expense,ANZ,Groceries
2025-04-22,-67.73,FARMER JACKS SUBIACO      SUBIACO,expense,ANZ,Groceries
2025-04-22,-4.0,COCACOLAEPP               NORTHBRIDGE,expense,ANZ,Uncategorized
2025-04-22,-17.65,MCDONALDS JOLIMONT        JOLIMONT,expense,ANZ,Dining Out
2025-04-22,-300.0,RENT,expense,Bankwest,Housing
2025-04-22,-83.67,TS/AYAM PENYET RIA - V    VICTORIA,expense,ANZ,Dining Out
2025-04-23,-1.49,APPLE.COM/BILL            SYDNEY,expense,ANZ,Utilities
2025-04-23,-50.63,FARMER JACKS SUBIACO      SUBIACO,expense,ANZ,Groceries
2025-04-24,-18.5,TIEN TIEN YOGURT PL       EAST VICTORIA,expense,ANZ,Uncategorized
2025-04-24,2447.12,SALARY ATO PAYROLL,income,Bankwest,Income
2025-04-28,-300.0,RENT,expense,Bankwest,Housing
2025-04-28,-54.86,HBF HEALTH LIMITED        PERTH,expense,ANZ,Insurance
2025-04-28,-49.36,FARMER JACKS SUBIACO      SUBIACO,expense,ANZ,Groceries
2025-04-28,-170.0,PERTHRUNNINGFESTIVAL      WEST PERTH,expense,ANZ,Uncategorized
2025-04-28,-231.22,PIN* SOPYC                APPLECROSS,expense,ANZ,Uncategorized
2025-04-29,-486.8,DEPARTMENT OF TRANSPOR    PERTH,expense,ANZ,Uncategorized
2025-04-29,-12.95,STEAM PURCHASE            SEATTLE,expense,ANZ,Entertainment
2025-04-30,-23.12,BLIZZARD ENTERTAINMENT    949-9551380,expense,ANZ,Entertainment
2025-04-30,-6.6,SQ *GIANT COFFEE          NORTHBRIDGE,expense,ANZ,Dining Out
2025-04-30,-10.04,U & I CAFE                NORTHBRIDGE,expense,ANZ,Dining Out
2025-04-30,-13.99,SPOTIFY                   SYDNEY,expense,ANZ,Entertainment
2025-05-01,-24.98,IVF PHARMACY SERVICE      WEST PERTH,expense,ANZ,Health & Pharmacy
2025-05-01,-17.85,MCDONALDS JOLIMONT        JOLIMONT,expense,ANZ,Dining Out
2025-05-02,-7.0,SQ *CHARLIE BOY COFFEE    NORTHBRIDGE,expense,ANZ,Dining Out
2025-05-02,-39.12,STEAM PURCHASE            SEATTLE,expense,ANZ,Entertainment
2025-05-02,-47.5,TO PHONE D THAUNG 06:31PM 02MAY,expense,Bankwest,Dining Out
2025-05-05,-300.0,RENT,expense,Bankwest,Housing
2025-05-05,-37.76,FARMER JACKS SUBIACO      SUBIACO,expense,ANZ,Groceries
2025-05-05,-74.99,IINET LTD N               SYDNEY,expense,ANZ,Utilities
2025-05-05,-16.5,SQ *SIPRA KEBAB AND GRILL 1800595310,expense,ANZ,Dining Out
2025-05-05,-19.0,DOMINOS ESTORE WEST PERTH DOMINOS.COM.A,expense,ANZ,Uncategorized
2025-05-06,-36.37,WEI'S DUMPLING HUT        SUBIACO,expense,ANZ,Dining Out
2025-05-06,-13.42,FARMER JACKS SUBIACO      SUBIACO,expense,ANZ,Groceries
2025-05-07,-6.6,SQ *GIANT COFFEE          NORTHBRIDGE,expense,ANZ,Dining Out
2025-05-08,2447.12,SALARY ATO PAYROLL,income,Bankwest,Income
2025-05-08,-3.5,RB CLIMBING THREE PTY LTD WILLETTON,expense,ANZ,Uncategorized
2025-05-08,-198.0,RB CLIMBING THREE PTY LTD WILLETTON,expense,ANZ,Uncategorized
2025-05-08,-9.7,SUSHI HUB WILLIAM ST      PERTH,expense,ANZ,Uncategorized
2025-05-08,-69.21,REDDY EXPRESS 6913        PERTH WEST,expense,ANZ,Transport
2025-05-09,-60.7,APRBS VICTORIA PARK PT    VICTORIA PARK,expense,ANZ,Uncategorized
2025-05-12,-20.1,BANGKOK BROTHERS          NORTHBRIDGE,expense,ANZ,Uncategorized
2025-05-12,-300.0,RENT,expense,Bankwest,Housing
2025-05-12,-2465.0,IB BPAY 932036182 TO ANZ CARDS 4564680414360148 AT 2:27PM 11MAY,expense,Bankwest,Transfer
2025-05-12,-30.16,VO TRAN TRADINGS PTY L    MORLEY,expense,ANZ,Uncategorized
2025-05-12,-70.54,FARMER JACKS SUBIACO      SUBIACO,expense,ANZ,Groceries
2025-05-12,-54.86,HBF HEALTH LIMITED        PERTH,expense,ANZ,Insurance
2025-05-12,-6.6,SQ *GIANT COFFEE          NORTHBRIDGE,expense,ANZ,Dining Out
2025-05-12,2465.0,PAYMENT - THANKYOU,income,ANZ,Income
2025-05-12,-7.73,SMP*PRESOTEA JAMES ST6B   NORTHBRIDGE,expense,ANZ,Dining Out
2025-05-13,-16.5,SQ *SIPRA KEBAB AND GRILL WEST PERTH,expense,ANZ,Dining Out
2025-05-14,-21.76,FARMER JACKS SUBIACO      SUBIACO,expense,ANZ,Groceries
2025-05-16,-66.92,TS/AYAM PENYET RIA - V    VICTORIA,expense,ANZ,Dining Out
2025-05-16,-45.0,THE EXECUTIVES            WEST PERTH,expense,ANZ,Uncategorized
2025-05-19,-300.0,RENT,expense,Bankwest,Housing
2025-05-19,-64.1,OTR COMO                  COMO,expense,ANZ,Transport
2025-05-19,-49.64,FARMER JACKS SUBIACO      SUBIACO,expense,ANZ,Groceries
2025-05-19,-20.71,SUBI FISH N CHIPS         SUBIACO,expense,ANZ,Dining Out
2025-05-20,-49.02,FARMER JACKS SUBIACO      SUBIACO,expense,ANZ,Groceries
2025-05-21,-44.66,HAKATA GENSUKE (WA) PT    EAST VICTORIA,expense,ANZ,Uncategorized
2025-05-22,-34.0,LET'S EAT                 WEST PERTH,expense,ANZ,Uncategorized
2025-05-22,-25.28,NORTH BIRD WINE           NORTHBRIDGE,expense,ANZ,Uncategorized
2025-05-22,2447.12,SALARY ATO PAYROLL,income,Bankwest,Income
2025-05-23,-22.55,MCDONALDS DT 1488         KARAWARA,expense,ANZ,Dining Out
2025-05-23,-1.49,APPLE.COM/BILL            SYDNEY,expense,ANZ,Utilities
2025-05-26,-62.0,SQ *GANGNAM AT YAGAN SQUA PERTH,expense,ANZ,Uncategorized
2025-05-26,-54.86,HBF HEALTH LIMITED        PERTH,expense,ANZ,Insurance
2025-05-26,-10.25,PERTH AIRPORT PTY LTD     PERTH AIRPORT,expense,ANZ,Uncategorized
2025-05-26,-19.08,SHANGHAI STREET NORTHBRID NORTHBRIDGE,expense,ANZ,Uncategorized
2025-05-26,-200.0,TO PHONE KOK ENG TAN 10:16AM 24MAY,expense,Bankwest,Dining Out
2025-05-26,-300.0,RENT,expense,Bankwest,Housing
2025-05-26,-5.05,CPP ROE STREET            NORTHBRIDGE,expense,ANZ,Uncategorized
2025-05-26,-15.34,BOBABOBA NORTHBRIDGE      NORTHBRIDGE,expense,ANZ,Uncategorized
2025-05-27,-262.79,GIBNEY COTTESLOE          COTTESLOE,expense,ANZ,Uncategorized
2025-05-27,-20.89,SQ *SIPRA KEBAB AND GRILL WEST PERTH,expense,ANZ,Dining Out
2025-05-28,-285.0,SP NEEDESSENTIALS         TORQUAY,expense,ANZ,Uncategorized
2025-05-28,-5.5,THE NIGHT SAVIOR PTY      PERTH,expense,ANZ,Uncategorized
2025-05-28,-14.33,STEAM PURCHASE            SEATTLE,expense,ANZ,Entertainment
2025-05-28,-61.72,FARMER JACKS SUBIACO      SUBIACO,expense,ANZ,Groceries
2025-05-28,-6.04,THE SUNMOS TRUST          NORTHBRIDGE,expense,ANZ,Uncategorized
2025-05-28,-5.7,SQ *GIANT COFFEE          NORTHBRIDGE,expense,ANZ,Dining Out
2025-05-29,-50.4,DUONG HOLDINGS PTY LTD    NORTHBRIDGE,expense,ANZ,Uncategorized
2025-05-30,-13.99,SPOTIFY                   SYDNEY,expense,ANZ,Entertainment
2025-05-30,-68.32,FARMER JACKS SUBIACO      SUBIACO,expense,ANZ,Groceries
2025-06-02,-300.0,RENT,expense,Bankwest,Housing
2025-06-02,-3000.0,IB BPAY 937149202 TO SELFWEALTH LTD 311651392 AT 1:36PM,expense,Bankwest,Transfer
2025-06-04,-71.9,QINWEIWEI LANZHOU NOODLE  PERTH,expense,ANZ,Uncategorized
2025-06-04,-74.99,IINET LTD N               SYDNEY,expense,ANZ,Utilities
2025-06-04,-66.88,REDDY EXPRESS 6913        PERTH WEST,expense,ANZ,Transport
2025-06-05,-58.89,SQ *POPO LEE              1800595310,expense,ANZ,Uncategorized
2025-06-05,2447.12,SALARY ATO PAYROLL,income,Bankwest,Income
2025-06-06,-90.0,CITY OF VINCENT           LEEDERVILLE,expense,ANZ,Uncategorized
2025-06-06,-287.0,THE RUNNING CENTRE        WEST PERTH,expense,ANZ,Uncategorized
2025-06-09,-300.0,RENT,expense,Bankwest,Housing
2025-06-09,-98.0,SPECSAVERS                SYDNEY,expense,ANZ,Uncategorized
2025-06-09,-6.49,AMAZON MARKETPLACE AU     SYDNEY SOUTH,expense,ANZ,Online Shopping
2025-06-09,-54.86,HBF HEALTH LIMITED        PERTH,expense,ANZ,Insurance
2025-06-10,-74.57,FARMER JACKS SUBIACO      SUBIACO,expense,ANZ,Groceries
2025-06-11,-11.15,U & I CAFE                NORTHBRIDGE,expense,ANZ,Dining Out
2025-06-11,2500.0,PAYMENT - THANKYOU,income,ANZ,Income
2025-06-11,-2500.0,IB BPAY 939249338 TO ANZ CARDS 4564680414360148 AT 12:09PM,expense,Bankwest,Transfer
2025-06-11,-14.55,MCDONALDS JOLIMONT        JOLIMONT,expense,ANZ,Dining Out
2025-06-12,-7.73,SMP*PRESOTEA JAMES ST6B   NORTHBRIDGE,expense,ANZ,Dining Out
2025-06-13,98.0,HBFCLAIM2 C27427663,income,Bankwest,Income
2025-06-16,-300.0,RENT,expense,Bankwest,Housing
2025-06-16,-13.0,TARGET 5429               SUBIACO,expense,ANZ,Retail
2025-06-16,-51.98,COLES 0270                SUBIACO,expense,ANZ,Groceries
2025-06-16,-47.47,WOOLWORTHS/CAROUSEL S/C 1 CANNINGTON,expense,ANZ,Groceries
2025-06-16,-148.97,JAGEX PAYMENT             CAMBRIDGE,expense,ANZ,Uncategorized
2025-06-16,-84.39,AMAZON MARKETPLACE AU     SYDNEY SOUTH,expense,ANZ,Online Shopping
2025-06-19,2447.12,SALARY ATO PAYROLL,income,Bankwest,Income
2025-06-20,-81.16,FARMER JACKS SUBIACO      SUBIACO,expense,ANZ,Groceries
2025-06-23,-69.38,AMPOL SUBIACO             SUBIACO,expense,ANZ,Transport
2025-06-23,-300.0,RENT,expense,Bankwest,Housing
2025-06-23,-54.86,HBF HEALTH LIMITED        PERTH,expense,ANZ,Insurance
2025-06-23,-1.49,APPLE.COM/BILL            SYDNEY,expense,ANZ,Utilities
2025-06-25,-27.19,MCDONALDS JOLIMONT        JOLIMONT,expense,ANZ,Dining Out
2025-06-27,-40.0,MARCO'S ORGANIC PIZZA     JOONDANNA,expense,ANZ,Dining Out
2025-06-27,-6.6,SQ *GIANT COFFEE          NORTHBRIDGE,expense,ANZ,Dining Out
2025-06-30,-300.0,RENT,expense,Bankwest,Housing
2025-06-30,-66.48,FARMER JACKS SUBIACO      SUBIACO,expense,ANZ,Groceries
2025-06-30,-17.85,MCDONALDS JOLIMONT        JOLIMONT,expense,ANZ,Dining Out
2025-06-30,-13.99,SPOTIFY                   SYDNEY,expense,ANZ,Entertainment
2025-07-01,-149.0,SQ *MUMMUCC'              WEMBLEY,expense,ANZ,Uncategorized
2025-07-01,-77.14,DAILY'S 1988              NORTHBRIDGE,expense,ANZ,Uncategorized
2025-07-02,-17.85,MCDONALDS ASCOT WATER     BELMONT,expense,ANZ,Dining Out
2025-07-03,-67.94,FARMER JACKS SUBIACO      SUBIACO,expense,ANZ,Groceries
2025-07-03,-92.4,BULK NUTRIENTS            61362664725,expense,ANZ,Uncategorized
2025-07-03,2463.12,SALARY ATO PAYROLL,income,Bankwest,Income
2025-07-04,-74.99,IINET LTD N               SYDNEY,expense,ANZ,Utilities
2025-07-04,-11.15,U & I CAFE                NORTHBRIDGE,expense,ANZ,Dining Out
2025-07-07,-61.0,FARMER JACKS SUBIACO      SUBIACO,expense,ANZ,Groceries
2025-07-07,-50.13,BUNNINGS 309000           SUBIACO,expense,ANZ,Hardware
2025-07-07,-68.92,OTR COMO                  COMO,expense,ANZ,Transport
2025-07-07,-52.29,SEON & JEONG (WA)         VICTORIA PARK,expense,ANZ,Uncategorized
2025-07-07,-54.86,HBF HEALTH LIMITED        PERTH,expense,ANZ,Insurance
2025-07-07,-300.0,RENT,expense,Bankwest,Housing
2025-07-08,-82.79,WOOLWORTHS/335 HIGH RD CN RIVERTON,expense,ANZ,Groceries
2025-07-08,-30.0,REDEFFECT PTY LTD         WEST PERTH,expense,ANZ,Uncategorized
2025-07-11,-23.19,MCDONALDS KARAWARA        KARAWARA,expense,ANZ,Dining Out
2025-07-11,-48.13,OTR COMO                  COMO,expense,ANZ,Transport
2025-07-14,1650.0,PAYMENT - THANKYOU,income,ANZ,Income
2025-07-14,-1650.0,IB BPAY 946675325 TO ANZ CARDS 4564680414360148 AT 11:06AM 12JUL,expense,Bankwest,Transfer
2025-07-14,-300.0,RENT,expense,Bankwest,Housing
2025-07-15,241.0,LEINGDRON TSHOMO TO PHONE 01:05PM 15JUL RETURN,income,Bankwest,Income
2025-07-15,-241.02,TO PHONE L TSHOMO 01:01PM 15JUL,expense,Bankwest,Dining Out
2025-07-17,-34.6,MCDONALDS DT 1488         KARAWARA,expense,ANZ,Dining Out
2025-07-17,76.0,LEINGDRON TSHOMO TO PHONE 10:01PM 16JUL SHOW,income,Bankwest,Income
2025-07-17,2463.12,SALARY ATO PAYROLL,income,Bankwest,Income
2025-07-18,-11.15,U & I CAFE                NORTHBRIDGE,expense,ANZ,Dining Out
2025-07-18,-100.02,TO PHONE L TSHOMO 09:13PM 17JUL,expense,Bankwest,Dining Out
2025-07-21,-300.0,RENT,expense,Bankwest,Housing
2025-07-21,-83.6,TICKETEK PTY LTD          SUBIACO,expense,ANZ,Uncategorized
2025-07-21,-6.07,COFFEELICIOUS             WANNEROO,expense,ANZ,Dining Out
2025-07-21,-67.33,TS/AYAM PENYET RIA - V    VICTORIA,expense,ANZ,Dining Out
2025-07-21,-39.85,WOOLWORTHS/CAROUSEL S/C 1 CANNINGTON,expense,ANZ,Groceries
2025-07-21,-54.86,HBF HEALTH LIMITED        PERTH,expense,ANZ,Insurance
2025-07-22,-5.55,EASYPARK                  PRAHRAN,expense,ANZ,Transport
2025-07-22,-26.31,PHO THANH DAT PTY LTD     NORTHBRIDGE,expense,ANZ,Dining Out
2025-07-23,-1.49,APPLE.COM/BILL            SYDNEY,expense,ANZ,Utilities
2025-07-23,-8.12,TEAMORROW                 PERTH,expense,ANZ,Uncategorized
2025-07-23,-64.01,DUONG HOLDINGS PTY LTD    NORTHBRIDGE,expense,ANZ,Uncategorized
2025-07-23,-5.29,EASYPARK                  PRAHRAN,expense,ANZ,Transport
2025-07-23,-19.55,MCDONALDS JOLIMONT        JOLIMONT,expense,ANZ,Dining Out
2025-07-24,-16.5,SQ *SIPRA KEBAB AND GRILL 1800595310,expense,ANZ,Dining Out
2025-07-25,-19.5,TO PHONE C PHAM 01:22PM 25JUL,expense,Bankwest,Dining Out
2025-07-28,-66.31,TS/AYAM PENYET RIA - V    VICTORIA,expense,ANZ,Dining Out
2025-07-28,-1055.0,LS POWERHOUSE SURF CO     PALMYRA,expense,ANZ,Uncategorized
2025-07-28,-4.2,SQ *CHARLIE BOY COFFEE    NORTHBRIDGE,expense,ANZ,Dining Out
2025-07-28,-300.0,RENT,expense,Bankwest,Housing
2025-07-29,-2000.0,TO PHONE KOK ENG TAN 09:12AM 29JUL,expense,Bankwest,Dining Out
2025-07-29,-80.96,PHO THANH DAT PTY LTD     NORTHBRIDGE,expense,ANZ,Dining Out
2025-07-29,-67.65,REDDY EXPRESS 6913        PERTH WEST,expense,ANZ,Transport
2025-07-29,-16.5,SQ *SIPRA KEBAB AND GRILL 1800595310,expense,ANZ,Dining Out
2025-07-30,-4.01,EASYPARK                  PRAHRAN,expense,ANZ,Transport
2025-07-30,-18.35,MCDONALDS JOLIMONT        JOLIMONT,expense,ANZ,Dining Out
2025-07-30,-13.99,SPOTIFY                   SYDNEY,expense,ANZ,Entertainment
2025-07-31,-148.97,JAGEX PAYMENT             CAMBRIDGE,expense,ANZ,Uncategorized
2025-07-31,2463.12,SALARY ATO PAYROLL,income,Bankwest,Income
2025-08-04,-300.0,RENT,expense,Bankwest,Housing
2025-08-04,-15.08,TOROCHI                   VICTORIA PARK,expense,ANZ,Uncategorized
2025-08-04,-66.92,TS/AYAM PENYET RIA - V    VICTORIA,expense,ANZ,Dining Out
2025-08-04,-52.0,EDWARDOROKEBYFLORIST      SUBIACO,expense,ANZ,Uncategorized
2025-08-04,-74.99,IINET LTD N               SYDNEY,expense,ANZ,Utilities
2025-08-04,-42.14,HAO SZECHUAN/1514 ALBANY  BECKENHAM,expense,ANZ,Uncategorized
2025-08-04,-51.1,SQ *LUXURIOUS BARBER ON H WEST PERTH,expense,ANZ,Uncategorized
2025-08-04,-54.86,HBF HEALTH LIMITED        PERTH,expense,ANZ,Insurance
2025-08-05,-50.8,PETRA RESTAURANT          VICTORIA PARK,expense,ANZ,Dining Out
2025-08-06,-9.11,CHENLY PTY LTD            EAST VICTORIA,expense,ANZ,Uncategorized
2025-08-06,-14.78,SQ *SIPRA KEBAB AND GRILL WEST PERTH,expense,ANZ,Dining Out
2025-08-07,-3.0,SP 391 ALBANY HWY         VICTORIA PARK,expense,ANZ,Uncategorized
2025-08-08,-18.37,FARMER JACKS SUBIACO      SUBIACO,expense,ANZ,Groceries
2025-08-11,-2450.0,IB BPAY 953383296 TO ANZ CARDS 4564680414360148 AT 10:37AM 9AUG,expense,Bankwest,Transfer
2025-08-11,-300.0,RENT,expense,Bankwest,Housing
2025-08-11,-18.0,HUNGRY JACKS              CLAREMONT,expense,ANZ,Dining Out
2025-08-11,-47.97,AMPOL SUBIACO             SUBIACO,expense,ANZ,Transport
2025-08-11,-6.6,SQ *GIANT COFFEE          NORTHBRIDGE,expense,ANZ,Dining Out
2025-08-11,-19.21,SMP*IS DONBURI DINING     NORTHBRIDGE,expense,ANZ,Uncategorized
2025-08-11,-34.74,WOOLWORTHS/335 HIGH RD CN RIVERTON,expense,ANZ,Groceries
2025-08-11,-18.0,BWS LIQUOR/335 HIGH RD CN RIVERTON,expense,ANZ,Uncategorized
2025-08-11,-26.26,SUSHIHIRO MARION PTY      OAKLANDS PARK,expense,ANZ,Uncategorized
2025-08-11,2450.0,PAYMENT - THANKYOU,income,ANZ,Income
2025-08-12,-6.5,GI PABLA PTY LTD          RIVERTON,expense,ANZ,Uncategorized
2025-08-13,-33.79,ROKEBYGP                  SUBIACO,expense,ANZ,Uncategorized
2025-08-14,2463.12,SALARY ATO PAYROLL,income,Bankwest,Income
2025-08-15,-5.7,SQ *GIANT COFFEE          NORTHBRIDGE,expense,ANZ,Dining Out
2025-08-18,-18.29,SQ *DONUT WORRY NORTHBRID NORTHBRIDGE,expense,ANZ,Uncategorized
2025-08-18,-13.21,SQ *FOAM TRIGG            TRIGG,expense,ANZ,Uncategorized
2025-08-18,-5.7,SQ *CHARLIE BOY COFFEE    NORTHBRIDGE,expense,ANZ,Dining Out
2025-08-18,-18.0,MCDONALDS DT 1488         KARAWARA,expense,ANZ,Dining Out
2025-08-18,-63.48,THE SUNMOS TRUST          NORTHBRIDGE,expense,ANZ,Uncategorized
2025-08-18,-54.86,HBF HEALTH LIMITED        PERTH,expense,ANZ,Insurance
2025-08-18,-300.0,RENT,expense,Bankwest,Housing
2025-08-19,-11.11,CPP STATE LIBRARY         PERTH,expense,ANZ,Uncategorized
2025-08-19,-90.94,LS KHMER EMPIRE PTY LT    MAYLANDS,expense,ANZ,Uncategorized
2025-08-19,-7.63,STEAM PURCHASE            SEATTLE,expense,ANZ,Entertainment
2025-08-20,-27.84,MCDONALDS JOLIMONT        JOLIMONT,expense,ANZ,Dining Out
2025-08-20,-47.6,TS/AYAM PENYET RIA - V    VICTORIA,expense,ANZ,Dining Out
2025-08-20,-5.19,FARMER JACKS SUBIACO      SUBIACO,expense,ANZ,Groceries
2025-08-22,-6.1,SQ *GIANT COFFEE          NORTHBRIDGE,expense,ANZ,Dining Out
2025-08-25,-42.31,TS/AYAM PENYET RIA - V    VICTORIA,expense,ANZ,Dining Out
2025-08-25,-1.49,APPLE.COM/BILL            SYDNEY,expense,ANZ,Utilities
2025-08-25,-55.57,FARMER JACKS SUBIACO      SUBIACO,expense,ANZ,Groceries
2025-08-25,-300.0,RENT,expense,Bankwest,Housing
2025-08-26,-72.43,VIBE SUBIACO              SUBIACO,expense,ANZ,Uncategorized
2025-08-27,-54.59,FARMER JACKS SUBIACO      SUBIACO,expense,ANZ,Groceries
2025-08-27,-11.11,CPP ROE STREET            NORTHBRIDGE,expense,ANZ,Uncategorized
2025-08-27,-51.8,286PIN* DAPURVANJAVA      PERTH,expense,ANZ,Uncategorized
2025-08-27,-7.46,WOOLWORTHS/VICTORIA PARK  VICTORIA PARK,expense,ANZ,Groceries
2025-08-27,-7.08,TOROCHI                   VICTORIA PARK,expense,ANZ,Uncategorized
2025-08-28,2723.54,SALARY ATO PAYROLL,income,Bankwest,Income
2025-08-28,-53.88,CHEMIST WAREHOUSE         VICTORIA PARK,expense,ANZ,Health & Pharmacy
2025-09-01,-58.87,LITTLE MAGIC MOMO         WEMBLEY,expense,ANZ,Uncategorized
2025-09-01,-13.99,SPOTIFY                   SYDNEY,expense,ANZ,Entertainment
2025-09-01,-300.0,RENT,expense,Bankwest,Housing
2025-09-01,100.0,LEINGDRON TSHOMO TO PHONE 04:17PM 01SEP HOUSE WARMING,income,Bankwest,Income
2025-09-01,-101.02,TO PHONE L TSHOMO 04:54PM 01SEP,expense,Bankwest,Dining Out
2025-09-01,-54.86,HBF HEALTH LIMITED        PERTH,expense,ANZ,Insurance
2025-09-02,-41.04,WOOLWORTHS/335 HIGH RD CN RIVERTON,expense,ANZ,Groceries
2025-09-02,-64.94,SUSHIHIRO MARION PTY      OAKLANDS PARK,expense,ANZ,Uncategorized
2025-09-03,-22.6,MCDONALDS JOLIMONT        JOLIMONT,expense,ANZ,Dining Out
2025-09-03,-52.0,HANOZE PARK PTY LTD       PERTH,expense,ANZ,Dining Out
2025-09-03,-74.99,IINET LTD N               SYDNEY,expense,ANZ,Utilities
2025-09-03,-6.5,GI PABLA PTY LTD          RIVERTON,expense,ANZ,Uncategorized
2025-09-05,-6.4,SQ *CHARLIE BOY COFFEE    NORTHBRIDGE,expense,ANZ,Dining Out
2025-09-05,-62.97,FARMER JACKS SUBIACO      SUBIACO,expense,ANZ,Groceries
2025-09-05,-5.0,SQ *FRANCISCANS SOCIAL CL NORTHBRIDGE,expense,ANZ,Uncategorized
2025-09-05,-46.19,SQ *KYOTO GARDEN          KARDINYA,expense,ANZ,Uncategorized
2025-09-05,-19.04,SQ *KYOTO GARDEN          KARDINYA,expense,ANZ,Uncategorized
2025-09-08,-300.0,RENT,expense,Bankwest,Housing
2025-09-08,-20.89,SQ *SIPRA KEBAB AND GRILL WEST PERTH,expense,ANZ,Dining Out
2025-09-09,-30.53,STEAM PURCHASE            SEATTLE,expense,ANZ,Entertainment
2025-09-09,-21.72,SUBI FISH N CHIPS         SUBIACO,expense,ANZ,Dining Out
2025-09-09,-102.0,SP PRECISION FUEL HYDR    ARUNDEL,expense,ANZ,Transport
2025-09-10,-48.11,FARMER JACKS SUBIACO      SUBIACO,expense,ANZ,Groceries
2025-09-11,2482.79,SALARY ATO PAYROLL,income,Bankwest,Income
2025-09-12,-16.81,SQ *SIPRA KEBAB AND GRILL WEST PERTH,expense,ANZ,Dining Out
2025-09-12,-6.4,SQ *CHARLIE BOY COFFEE    NORTHBRIDGE,expense,ANZ,Dining Out
2025-09-15,1700.0,PAYMENT - THANKYOU,income,ANZ,Income
2025-09-15,-18.35,MCDONALDS JOLIMONT        JOLIMONT,expense,ANZ,Dining Out
2025-09-15,-42.4,READING CINEMAS           SOUTH MELBOUR,expense,ANZ,Entertainment
2025-09-15,-63.01,WOOLWORTHS/CAROUSEL S/C 1 CANNINGTON,expense,ANZ,Groceries
2025-09-15,-46.74,PETRA CAFE                VICTORIA PARK,expense,ANZ,Dining Out
2025-09-15,-54.86,HBF HEALTH LIMITED        PERTH,expense,ANZ,Insurance
2025-09-15,-34.97,WOOLWORTHS/335 HIGH RD CN RIVERTON,expense,ANZ,Groceries
2025-09-15,-62.36,REDDY EXPRESS 6913        PERTH WEST,expense,ANZ,Transport
2025-09-15,-300.0,RENT,expense,Bankwest,Housing
2025-09-15,-1700.0,IB BPAY 962113318 TO ANZ CARDS 4564680414360148 AT 11:41PM 14SEP,expense,Bankwest,Transfer
2025-09-16,-81.28,SQ *TRAIN TO POCHA        1800595310,expense,ANZ,Uncategorized
2025-09-16,-50.0,TO PHONE L TSHOMO 03:25PM 16SEP,expense,Bankwest,Dining Out
2025-09-17,-280.0,2026 SYDNEY MARATHON      SYDNEY,expense,ANZ,Uncategorized
2025-09-17,-19.5,READING CINEMAS           BELMONT,expense,ANZ,Entertainment
2025-09-18,-8.6,WOOLWORTHS/SUBIACO SQR S/ SUBIACO,expense,ANZ,Groceries
2025-09-18,-54.0,IKEA PERTH                INNALOO,expense,ANZ,Uncategorized
2025-09-18,-2.5,IKEA PERTH                INNALOO,expense,ANZ,Uncategorized
2025-09-19,-27.5,TO PHONE CHAMIKA KARIYAWAS 01:20PM 19SEP,expense,Bankwest,Dining Out
2025-09-19,-52.53,WEI'S DUMPLING HUT        SUBIACO,expense,ANZ,Dining Out
2025-09-22,-6.4,SQ *CHARLIE BOY COFFEE    NORTHBRIDGE,expense,ANZ,Dining Out
2025-09-22,-17.7,SQ *TOTALLY RENDANG       WEST PERTH,expense,ANZ,Uncategorized
2025-09-22,-14.18,JUANITA'S BAR             SUBIACO,expense,ANZ,Uncategorized
2025-09-22,-1.49,APPLE.COM/BILL            SYDNEY,expense,ANZ,Utilities
2025-09-22,-5.5,SQ *PARKSIDE COFFEE       PERTH,expense,ANZ,Dining Out
2025-09-22,-300.0,RENT,expense,Bankwest,Housing
2025-09-23,-58.25,SQ *PHO NGUYEN VIC PARK W EAST VICTORIA,expense,ANZ,Dining Out
2025-09-24,-23.1,MCDONALDS JOLIMONT        JOLIMONT,expense,ANZ,Dining Out
2025-09-24,-67.63,AMPOL SUBIACO             SUBIACO,expense,ANZ,Transport
2025-09-24,-40.8,FARMER JACKS SUBIACO      SUBIACO,expense,ANZ,Groceries
2025-09-25,2502.79,SALARY ATO PAYROLL,income,Bankwest,Income
2025-09-26,-59.39,TS/AYAM PENYET RIA - V    VICTORIA,expense,ANZ,Dining Out
2025-09-26,-5.9,TS/AYAM PENYET RIA - V    VICTORIA,expense,ANZ,Dining Out
2025-09-26,-19.0,SQ *PIETRO GELATERIA      EAST VICTORIA,expense,ANZ,Uncategorized
2025-09-26,-6.8,SQ *GIANT COFFEE          NORTHBRIDGE,expense,ANZ,Dining Out
2025-09-29,-1786.0,IB BPAY 965255425 TO TAX OFFICE PAYMENTS 551003967369624321 AT 6:39PM 27SEP,expense,Bankwest,Transfer
2025-09-29,-54.86,HBF HEALTH LIMITED        PERTH,expense,ANZ,Insurance
2025-09-29,-5.4,SQ *CHARLIE BOY COFFEE    NORTHBRIDGE,expense,ANZ,Dining Out
2025-09-29,-21.9,LS ALFA OMEGA PTY LTD     WEST PERTH,expense,ANZ,Uncategorized
2025-09-29,-20.89,SQ *SIPRA KEBAB AND GRILL WEST PERTH,expense,ANZ,Dining Out
2025-09-29,-6.4,SQ *CHARLIE BOY COFFEE    NORTHBRIDGE,expense,ANZ,Dining Out
2025-09-29,-87.67,FARMER JACKS SUBIACO      SUBIACO,expense,ANZ,Groceries
2025-09-29,-300.0,RENT,expense,Bankwest,Housing
2025-09-30,-15.99,SPOTIFY                   SYDNEY,expense,ANZ,Entertainment
2025-10-01,-36.74,1982 FOOD AND COFFEE      SUBIACO,expense,ANZ,Dining Out
2025-10-01,-30.82,TS/AYAM PENYET RIA - V    VICTORIA,expense,ANZ,Dining Out
2025-10-02,-50.81,HAO SZECHUAN/1514 ALBANY  BECKENHAM,expense,ANZ,Uncategorized
2025-10-02,-6.8,SQ *GIANT COFFEE          NORTHBRIDGE,expense,ANZ,Dining Out
2025-10-02,-2.03,HAO SZECHUAN/1514 ALBANY  BECKENHAM,expense,ANZ,Uncategorized
2025-10-06,-300.0,RENT,expense,Bankwest,Housing
2025-10-06,-8.62,THE TRUSTEE FOR BENOZ     NORTHBRIDGE,expense,ANZ,Uncategorized
2025-10-06,-50.95,TS/AYAM PENYET RIA - V    VICTORIA,expense,ANZ,Dining Out
2025-10-06,-18.62,TIEN TIEN YOGURT PL       EAST VICTORIA,expense,ANZ,Uncategorized
2025-10-06,-74.99,IINET LTD N               SYDNEY,expense,ANZ,Utilities
2025-10-06,-95.5,SQ *HOUSE OF PHO          MOUNT LAWLEY,expense,ANZ,Dining Out
2025-10-06,-17.74,FRESH PROVISIONS MT LA    MOUNT LAWLEY,expense,ANZ,Uncategorized
2025-10-06,-27.3,SQ *LOUDER LOUDER         NORTHBRIDGE,expense,ANZ,Uncategorized
2025-10-06,-6.4,SQ *CHARLIE BOY COFFEE    NORTHBRIDGE,expense,ANZ,Dining Out
2025-10-07,-700.0,TO PHONE KOK ENG TAN 11:53AM 07OCT,expense,Bankwest,Dining Out
2025-10-07,-28.32,SQ *KUAFOOD PERTH         EAST VICTORIA,expense,ANZ,Uncategorized
2025-10-07,-10.64,T4 VICTORIA PARK          EAST VICTORIA,expense,ANZ,Uncategorized
2025-10-07,-68.9,REDDY EXPRESS 6913        PERTH WEST,expense,ANZ,Transport
2025-10-07,-50.0,TO PHONE L TSHOMO 06:46PM 07OCT,expense,Bankwest,Dining Out
2025-10-08,-33.0,FARMER JACKS SUBIACO      SUBIACO,expense,ANZ,Groceries
2025-10-09,-23.35,CHICKEN RICE CORNER VI    EAST VICTORIA,expense,ANZ,Uncategorized
2025-10-09,2502.79,SALARY ATO PAYROLL,income,Bankwest,Income
2025-10-10,-110.0,TO PHONE L TSHOMO 08:41PM 09OCT,expense,Bankwest,Dining Out
2025-10-10,-6.4,SQ *CHARLIE BOY COFFEE    NORTHBRIDGE,expense,ANZ,Dining Out
2025-10-10,-15.79,SQ *SIPRA KEBAB AND GRILL WEST PERTH,expense,ANZ,Dining Out
2025-10-13,-50.0,EDWARDOROKEBYFLORIST      SUBIACO,expense,ANZ,Uncategorized
2025-10-13,-54.86,HBF HEALTH LIMITED        PERTH,expense,ANZ,Insurance
2025-10-13,-80.22,LS DE BHATTI RESTAURAN    MOUNT LAWLEY,expense,ANZ,Uncategorized
2025-10-13,-40.19,BACETTO PIZZA             BENTLEY,expense,ANZ,Dining Out
2025-10-13,2000.0,PAYMENT - THANKYOU,income,ANZ,Income
2025-10-13,-24.9,UNIQLO PERTH              PERTH,expense,ANZ,Uncategorized
2025-10-13,-2000.0,IB BPAY 968605509 TO ANZ CARDS 4564680414360148 AT 5:13PM 11OCT,expense,Bankwest,Transfer
2025-10-13,80.0,LEINGDRON TSHOMO TO PHONE 06:48AM 11OCT DE BHATTI,income,Bankwest,Income
2025-10-13,-62.59,WEI'S DUMPLING HUT        SUBIACO,expense,ANZ,Dining Out
2025-10-13,-300.0,RENT,expense,Bankwest,Housing
2025-10-14,-8.02,CHAFFIC FORREST CHASE     PERTH,expense,ANZ,Uncategorized
2025-10-14,-7.4,BENTLEY IGA               BENTLEY,expense,ANZ,Groceries
2025-10-14,-16.81,SQ *SIPRA KEBAB AND GRILL WEST PERTH,expense,ANZ,Dining Out
2025-10-15,-164.4,PREGO CAFE RESTAURAN      FLOREAT,expense,ANZ,Dining Out
2025-10-15,-29.9,MCDONALDS JOLIMONT        JOLIMONT,expense,ANZ,Dining Out
2025-10-16,-21.99,DOMINOS ESTORE WEST PERTH DOMINOS.COM.A,expense,ANZ,Uncategorized
2025-10-17,100.0,LEINGDRON TSHOMO TO PHONE 08:18AM 17OCT 7 MONTHS,income,Bankwest,Income
2025-10-17,-100.02,TO PHONE L TSHOMO 08:19AM 17OCT,expense,Bankwest,Dining Out
2025-10-17,-41.9,FARMER JACKS SUBIACO      SUBIACO,expense,ANZ,Groceries
2025-10-20,-30.0,LET'S EAT                 WEST PERTH,expense,ANZ,Uncategorized
2025-10-20,-300.0,RENT,expense,Bankwest,Housing
2025-10-20,-62.12,WWW.CHERRY* CHERRY AND    WEST PERTH,expense,ANZ,Uncategorized
2025-10-20,-3.68,EASYPARK                  PRAHRAN,expense,ANZ,Transport
2025-10-20,-89.06,PHO THANH DAT PTY LTD     NORTHBRIDGE,expense,ANZ,Dining Out
2025-10-21,-102.28,UBER *EATS HELP.UBER.COM  SYDNEY,expense,ANZ,Transport
2025-10-22,-6.4,SQ *CHARLIE BOY COFFEE    NORTHBRIDGE,expense,ANZ,Dining Out
2025-10-22,-1.49,APPLE.COM/BILL            SYDNEY,expense,ANZ,Utilities
2025-10-23,2502.79,SALARY ATO PAYROLL,income,Bankwest,Income
2025-10-23,-259.6,TRANSPORT WA PERTH        PERTH,expense,ANZ,Uncategorized
2025-10-27,-300.0,RENT,expense,Bankwest,Housing
2025-10-27,-56.81,SEON & JEONG (WA)         VICTORIA PARK,expense,ANZ,Uncategorized
2025-10-27,-0.5,SEON & JEONG (WA)         VICTORIA PARK,expense,ANZ,Uncategorized
2025-10-27,-54.86,HBF HEALTH LIMITED        PERTH,expense,ANZ,Insurance
2025-10-28,-19.06,SQ *SIPRA KEBAB AND GRILL WEST PERTH,expense,ANZ,Dining Out
2025-10-29,-30.0,MCDONALDS PERTH AIR       PERTH AIRPORT,expense,ANZ,Dining Out
2025-10-29,-15.99,SPOTIFY P3BDB53F91        SYDNEY,expense,ANZ,Entertainment
2025-10-30,-6.4,SQ *CHARLIE BOY COFFEE    NORTHBRIDGE,expense,ANZ,Dining Out
2025-10-30,-238.27,SINGAPORE MARATHON        SINGAPORE  195.00  SGD 8.06 AUD,expense,ANZ,Uncategorized
2025-11-03,-300.0,RENT,expense,Bankwest,Housing
2025-11-03,-74.99,IINET LTD N               SYDNEY,expense,ANZ,Utilities
2025-11-03,-60.73,FARMER JACKS SUBIACO      SUBIACO,expense,ANZ,Groceries
2025-11-03,-194.58,KANPAI (AUS) P/L          VICTORIA PARK,expense,ANZ,Uncategorized
2025-11-03,-75.09,PAYPAL *UBEREATS A 4029357733 AUS,expense,Bankwest,Transport
2025-11-05,-6.4,SQ *CHARLIE BOY COFFEE    NORTHBRIDGE,expense,ANZ,Dining Out
2025-11-05,-16.45,KFC PINJARRA              PINJARRA,expense,ANZ,Dining Out
2025-11-05,-17.85,MCDONALDS VASSE           VASSE,expense,ANZ,Dining Out
2025-11-05,-66.68,BP BALDIVIS SB 7374       BALDIVIS,expense,ANZ,Groceries
2025-11-06,-61.15,AMPOL FORREST H 51001F    WEST PINJARRA,expense,ANZ,Transport
2025-11-06,2502.79,SALARY ATO PAYROLL,income,Bankwest,Income
2025-11-07,-6.8,SQ *GIANT COFFEE          NORTHBRIDGE,expense,ANZ,Dining Out
2025-11-07,-54.54,SQ *POPO LEE              1800595310,expense,ANZ,Uncategorized
2025-11-07,-3000.0,TO SELFWEALTH 09:54PM 06NOV,expense,Bankwest,Uncategorized
2025-11-10,-54.86,HBF HEALTH LIMITED        PERTH,expense,ANZ,Insurance
2025-11-10,-16.0,LET'S EAT                 WEST PERTH,expense,ANZ,Uncategorized
2025-11-10,-23.9,LS ALFA OMEGA PTY LTD     WEST PERTH,expense,ANZ,Uncategorized
2025-11-10,-300.0,RENT,expense,Bankwest,Housing
2025-11-11,-68.05,7-ELEVEN 3096             DUNSBOROUGH,expense,ANZ,Uncategorized
2025-11-11,2215.0,PAYMENT - THANKYOU,income,ANZ,Income
2025-11-11,-11.12,WILD HOP BREWING CO       YALLINGUP,expense,ANZ,Uncategorized
2025-11-11,-55.59,WILD HOP BREWING CO       YALLINGUP,expense,ANZ,Uncategorized
2025-11-11,-21.22,WILD HOP BREWING CO       YALLINGUP,expense,ANZ,Uncategorized
2025-11-11,-2215.0,IB BPAY 975912385 TO ANZ CARDS 4564680414360148 AT 11:18AM,expense,Bankwest,Transfer
2025-11-12,-16.7,SQ *TOTALLY RENDANG       WEST PERTH,expense,ANZ,Uncategorized
2025-11-13,-32.64,AMPOL FORREST H 51001F    WEST PINJARRA,expense,ANZ,Transport
2025-11-13,-74.3,FARMER JACKS SUBIACO      SUBIACO,expense,ANZ,Groceries
2025-11-13,-83.93,PHARM777ROKEBYRD          SUBIACO,expense,ANZ,Uncategorized
2025-11-13,-9.5,SQ *PIETRO GELATERIA      EAST VICTORIA,expense,ANZ,Uncategorized
2025-11-13,-40.72,SQ *LUXURIOUS BARBER ON H WEST PERTH,expense,ANZ,Uncategorized
2025-11-14,-7.3,SQ *GIANT COFFEE          NORTHBRIDGE,expense,ANZ,Dining Out
2025-11-14,-13.18,U & I CAFE                NORTHBRIDGE,expense,ANZ,Dining Out
2025-11-14,-43.4,READING CINEMAS           SOUTH MELBOUR,expense,ANZ,Entertainment
2025-11-14,-14.21,WU TANG FRIED CHICKEN     KEWDALE,expense,ANZ,Uncategorized
2025-11-17,-62.4,GAMI CHICKEN              PERTH WA,expense,ANZ,Uncategorized
2025-11-17,-12.45,THE SHOREHOUSE PERTH      SWANBOURNE,expense,ANZ,Uncategorized
2025-11-17,-58.36,MONSTERA THAI KITCHE      CLOVERDALE,expense,ANZ,Dining Out
2025-11-17,-32.72,CHIM LAM PTY LTD          WINTHROP,expense,ANZ,Uncategorized
2025-11-17,-56.81,FARMER JACKS SUBIACO      SUBIACO,expense,ANZ,Groceries
2025-11-17,-10.15,MURRAY MEWS               PERTH,expense,ANZ,Uncategorized
2025-11-17,-16.26,FLIGHT CLUB               PERTH,expense,ANZ,Uncategorized
2025-11-17,-16.24,MURRAY MEWS               PERTH,expense,ANZ,Uncategorized
2025-11-17,-26.39,PLANET ROYALE             NORTHBRIDGE,expense,ANZ,Uncategorized
2025-11-17,-26.0,TO ALEX SLAIDINS 04:26PM 15NOV,expense,Bankwest,Uncategorized
2025-11-17,-300.0,RENT,expense,Bankwest,Housing
2025-11-18,-71.6,COLES 0297                DUNSBOROUGH,expense,ANZ,Groceries
2025-11-19,-48.15,BP BALDIVIS SB 7374       BALDIVIS,expense,ANZ,Groceries
2025-11-19,-18.0,MCD FWY SOUTH             BALDIVIS,expense,ANZ,Groceries
2025-11-20,2502.79,SALARY ATO PAYROLL,income,Bankwest,Income
2025-11-21,-58.95,REDDY EXPRESS  2138       VASSE,expense,ANZ,Transport
2025-11-24,-300.0,RENT,expense,Bankwest,Housing
2025-11-24,-17.85,MCDONALDS VASSE           VASSE,expense,ANZ,Dining Out
2025-11-24,-79.58,UME GLOBAL PTY LTD        WEST PERTH,expense,ANZ,Uncategorized
2025-11-24,-1.49,APPLE.COM/BILL            SYDNEY,expense,ANZ,Utilities
2025-11-24,22.0,ALEXANDER SLAIDIN 08:10PM 21NOV S&T,income,Bankwest,Income
2025-11-24,-6.4,SQ *CHARLIE BOY COFFEE    NORTHBRIDGE,expense,ANZ,Dining Out
2025-11-24,-22.86,SQ *POKETOPIA             NORTHBRIDGE,expense,ANZ,Uncategorized
2025-11-24,-26.2,SQ *PICABAR               PERTH,expense,ANZ,Uncategorized
2025-11-24,-44.46,S AND T THAI GOURMET CAFE PERTH,expense,ANZ,Dining Out
2025-11-24,-7.98,PRESOTEA NORTH BRIDGE     PERTH,expense,ANZ,Dining Out
2025-11-24,-54.86,HBF HEALTH LIMITED        PERTH,expense,ANZ,Insurance
2025-11-24,-17.65,MCDONALDS KARAWARA        KARAWARA,expense,ANZ,Dining Out
2025-11-24,-161.76,GRABS RESTAURANT PTY L    MOUNT LAWLEY,expense,ANZ,Dining Out
2025-11-26,-8.0,WILSON PARKING AUSTRALIA  PERTH,expense,ANZ,Transport
2025-11-26,-15.2,GUZMAN Y GOMEZ SURRY HILLS AUS,expense,Bankwest,Dining Out
2025-11-26,-153.75,TC INTEGRITY PTY LTD      CLAREMONT,expense,ANZ,Uncategorized
2025-11-27,-17.17,NARAYANI (WA) P/L         WEST PERTH,expense,ANZ,Uncategorized
2025-11-27,-14.1,SQ *GIANT COFFEE          NORTHBRIDGE,expense,ANZ,Dining Out
2025-11-28,-6.4,SQ *CHARLIE BOY COFFEE    NORTHBRIDGE,expense,ANZ,Dining Out
2025-11-28,-13.18,U & I CAFE                NORTHBRIDGE,expense,ANZ,Dining Out
2025-11-28,-592.92,TO WISE AUSTRALIA PTY LTD 03:12PM 28NOV,expense,Bankwest,Uncategorized
2025-11-28,-407.4,CROWN PERTH NOBU          BURSWOOD,expense,ANZ,Uncategorized
2025-12-01,-0.62,DIDIMOBILITY              SYDNEY,expense,ANZ,Uncategorized
2025-12-01,-14.71,SINGTEL PREPAID HI!ACC    SINGAPORE  12.00  SGD 0.50 AUD,expense,ANZ,Uncategorized
2025-12-01,-24.86,THEMELBOURNEHOTEL-F&B     PERTH,expense,ANZ,Uncategorized
2025-12-01,-69.1,FARMER JACKS SUBIACO      SUBIACO,expense,ANZ,Groceries
2025-12-01,-15.99,SPOTIFY                   SYDNEY,expense,ANZ,Entertainment
2025-12-01,-300.0,RENT,expense,Bankwest,Housing
2025-12-01,-160.02,TO PHONE L TSHOMO 09:47PM 28NOV,expense,Bankwest,Dining Out
2025-12-01,160.0,LEINGDRON TSHOMO TO PHONE 09:39PM 28NOV SEA FOOD,income,Bankwest,Income
2025-12-01,-26.02,DIDIMOBILITY              SYDNEY,expense,ANZ,Uncategorized
2025-12-02,0.62,DIDIMOBILITY              SYDNEY,income,ANZ,Income
2025-12-02,9.56,ATO ATO009000022383833,income,Bankwest,Income
2025-12-04,-74.99,IINET LTD N               SYDNEY,expense,ANZ,Utilities
2025-12-04,2502.79,SALARY ATO PAYROLL,income,Bankwest,Income
2025-12-08,-54.86,HBF HEALTH LIMITED        PERTH,expense,ANZ,Insurance
2025-12-08,-300.0,RENT,expense,Bankwest,Housing
2025-12-10,-70.0,TO PHONE L TSHOMO 11:04AM 10DEC,expense,Bankwest,Dining Out
2025-12-11,-19.25,MCDONALDS JOLIMONT        JOLIMONT,expense,ANZ,Dining Out
2025-12-11,2320.0,PAYMENT - THANKYOU,income,ANZ,Income
2025-12-11,-2320.0,IB BPAY 983423004 TO ANZ CARDS 4564680414360148 AT 9:13AM,expense,Bankwest,Transfer
2025-12-12,-23.9,LS ALFA OMEGA PTY LTD     WEST PERTH,expense,ANZ,Uncategorized
2025-12-15,-300.0,RENT,expense,Bankwest,Housing
2025-12-15,-82.04,COLES 0297                DUNSBOROUGH,expense,ANZ,Groceries
2025-12-15,-15.45,KFC PINJARRA SOUTH        PINJARRA SOUT,expense,ANZ,Dining Out
2025-12-15,-13.39,DD *DOORDASH T4           MELBOURNE,expense,ANZ,Uncategorized
2025-12-15,-20.72,DD *DOORDASH HOODBURGE    MELBOURNE,expense,ANZ,Uncategorized
2025-12-15,-24.4,DD *DOORDASH QINSLANZH    MELBOURNE,expense,ANZ,Uncategorized
2025-12-15,-3.5,TRANSPERTH                PERTH,expense,ANZ,Uncategorized
2025-12-15,-19.06,SQ *SIPRA KEBAB AND GRILL WEST PERTH,expense,ANZ,Dining Out
2025-12-15,-927.3,HONMAZ AUTOMOTIVE         OSBORNE PARK,expense,ANZ,Uncategorized
2025-12-15,-7.3,SQ *GIANT COFFEE          NORTHBRIDGE,expense,ANZ,Dining Out
2025-12-15,-65.58,REDDY EXPRESS 6913        PERTH WEST,expense,ANZ,Transport
2025-12-15,-12.18,C AND C CORP WA PTY       INNALOO,expense,ANZ,Uncategorized
2025-12-18,2502.79,SALARY ATO PAYROLL,income,Bankwest,Income
2025-12-18,-11.65,GFM*GOFUNDME SUPPORT THE  GOFUNDME.COM,expense,ANZ,Uncategorized
2025-12-18,-69.21,PETRO FUELS CARBUNUP      CARBUNUP RIVE,expense,ANZ,Transport
2025-12-19,-7.3,SQ *GIANT COFFEE          NORTHBRIDGE,expense,ANZ,Dining Out
2025-12-19,-18.0,MCDONALDS KWINANA FN      BALDIVIS,expense,ANZ,Groceries
2025-12-22,-13.17,VARSITY NORTHBRIDGE       NORTHBRIDGE,expense,ANZ,Dining Out
2025-12-22,-23.75,APRBS VICTORIA PARK PT    VICTORIA PARK,expense,ANZ,Uncategorized
2025-12-22,-54.86,HBF HEALTH LIMITED        PERTH,expense,ANZ,Insurance
2025-12-22,-1.49,APPLE.COM/BILL            SYDNEY,expense,ANZ,Utilities
2025-12-22,-6.2,ARCHIE & MAX              DALKEITH,expense,ANZ,Uncategorized
2025-12-22,-87.0,COLES 0297                DUNSBOROUGH,expense,ANZ,Groceries
2025-12-22,-6.11,SQ *LULULALA PTY LTD      NORTHBRIDGE,expense,ANZ,Uncategorized
2025-12-22,-28.36,VARSITY NORTHBRIDGE       NORTHBRIDGE,expense,ANZ,Dining Out
2025-12-22,-300.0,RENT,expense,Bankwest,Housing
2025-12-23,-52.0,HANOZE PARK PTY LTD       PERTH,expense,ANZ,Dining Out
2025-12-24,-67.9,AMPOL FORREST H 51003F    WEST PINJARRA,expense,ANZ,Transport
2025-12-29,-66.46,FARMER JACKS SUBIACO      SUBIACO,expense,ANZ,Groceries
2025-12-29,-36.1,SELECTED ENTERPRISES      WEST PERTH,expense,ANZ,Uncategorized
2025-12-29,-7.67,BAKERSDELIGHT SUBIACO     SUBIACO,expense,ANZ,Uncategorized
2025-12-29,-59.99,THE SUBI LIQUOR STOR      SUBIACO,expense,ANZ,Uncategorized
2025-12-29,-36.11,FARMER JACKS SUBIACO      SUBIACO,expense,ANZ,Groceries
2025-12-29,-128.0,SPECSAVERS                SYDNEY,expense,ANZ,Uncategorized
2025-12-29,-63.27,BP BALDIVIS NB7375        BALDIVIS,expense,ANZ,Groceries
2025-12-29,-300.0,RENT,expense,Bankwest,Housing
2025-12-29,-23.0,MCDONALDS KWINANA FN      BALDIVIS,expense,ANZ,Groceries
2025-12-30,-15.99,SPOTIFY                   SYDNEY,expense,ANZ,Entertainment
2025-12-31,2502.79,SALARY ATO PAYROLL,income,Bankwest,Income
2026-01-02,102.0,HBFCLAIM2 C27427663,income,Bankwest,Income
2026-01-02,-22.21,ZLR*ARARAT KEBABS         NEDLANDS,expense,ANZ,Dining Out
2026-01-02,-45.68,COLES 0297                DUNSBOROUGH,expense,ANZ,Groceries
2026-01-05,-89.95,SP SURFBOARDEMPIRE        CASURINA,expense,ANZ,Uncategorized
2026-01-05,-54.86,HBF HEALTH LIMITED        PERTH,expense,ANZ,Insurance
2026-01-05,-87.04,ALIEXPRESS                NORTH SYDNEY,expense,ANZ,Online Shopping
2026-01-05,-74.99,IINET LTD N               SYDNEY,expense,ANZ,Utilities
2026-01-05,-300.0,RENT,expense,Bankwest,Housing
2026-01-05,200.0,STAND UP SURF SHOP PTY    NORTH FREMANT,income,ANZ,Income
2026-01-05,-14.55,KFC PINJARRA              PINJARRA,expense,ANZ,Dining Out
2026-01-05,-60.0,AMPOL FORREST H 51003F    WEST PINJARRA,expense,ANZ,Transport
2026-01-05,-2224.0,TO ANDREW MOONEY 09:33PM 02JAN 2 BOARDS FOR THE DREAM,expense,Bankwest,Uncategorized
2026-01-05,-649.0,SP FOILSPORT              MELBOURNE,expense,ANZ,Uncategorized
2026-01-06,-52.57,REDDY EXPRESS  2138       VASSE,expense,ANZ,Transport
